Old Spice | NFL | Deliverables Doc,,,,,,,,,,
ISCIs + Deliverables,,,,,,,,,,
Date Document Updated:,8/12/25,Uploaded/ Passed QC,SHIPPED,,,,,,,
Total Deliverables: ,106,In Progress,,,,,,,,
WK Production Job #: ,OLDPNAMV1033,Changed/New,,,,,,,,
,,, ,,,,,,,
,,,,,,,,,,
BROADCAST NTSC Masters: (16:9),,,,,,,,,,
Channel,Ship Date:,Live Date:,ISCIs + Titles,,MIX,Notes:,End Date:,End Card Details:,SPECS / SLATE INFO:,DELIVER TO:
BROADCAST MIX NTSC,7/14,8/1,PGOC5405000H,NFL_Smell Like a Footballman_DEO_NA_TV_HD_30,BROADCAST,,,n/a,NTSC 23.98 FPS,Tylie
,7/14,8/1,PGOC5406000H,NFL_Smell Like a Footballman_DEO_CAPS_NA_TV_HD_30,BROADCAST,Burned-In Subtitles,,,Apple ProRes - QT,
,7/14,8/1,PGOC5407000H,NFL_Smell Like a Footballman_DEO_NA_OTT_HD_30,BROADCAST,,,,1920x1080,
,7/14,8/1,PGOC5408000H,NFL_Smell Like a Footballman_DEO_NA_TV_Generic_HD_30,BROADCAST,,,,NO SIZE RESTRICTION,
,,,,,,,,,,
,7/14,8/1,PGOC5409000H,NFL_Look Down Coaching_DEO_NA_TV_HD_15,BROADCAST,,,,,
,7/14,8/1,PGOC5410000H,NFL_Look Down Coaching_DEO_CAPS_NA_TV_HD_15,BROADCAST,Burned-In Subtitles,,,,
,7/14,8/1,PGOC5411000H,NFL_Look Down Coaching_DEO_NA_OTT_HD_15,BROADCAST,,,,,
,7/14,8/1,PGOC5412000H,NFL_Look Down Coaching_DEO_NA_TV_Generic_HD_15,BROADCAST,,,,,
,,,,,,,,,,
,7/14,8/1,PGOC5413000H,NFL_Product Training_DEO_NA_TV_HD_15,BROADCAST,,,,,
,7/14,8/1,PGOC5414000H,NFL_Product Training_DEO_CAPS_NA_TV_HD_15,BROADCAST,Burned-In Subtitles,,,,
,7/14,8/1,PGOC5415000H,NFL_Product Training_DEO_NA_OTT_HD_15,BROADCAST,,,,,
,7/14,8/1,PGOC5416000H,NFL_Product Training_DEO_NA_TV_Generic_HD_15,BROADCAST,,,,,
,,,,,,,,,,
,7/18,8/1,PGOC5628000H,NFL_Smell Like a Footballman REV1_DEO_NA_TV_HD_30,BROADCAST,,,,,
,7/18,8/1,PGOC5629000H,NFL_Smell Like a Footballman REV1_DEO_CAPS_NA_TV_HD_30,BROADCAST,Burned-In Subtitles,,,,
,7/18,8/1,PGOC5630000H,NFL_Smell Like a Footballman REV1_DEO_NA_OTT_HD_30,BROADCAST,,,,,
,7/18,8/1,PGOC5631000H,NFL_Smell Like a Footballman REV1_DEO_NA_TV_Generic_HD_30,BROADCAST,,,,,
,,,,,,,,,,
,10/24,TBD,PGOC5674000H,NFL_Space_DEO_NA_TV_HD_15,BROADCAST,,,,,
,10/24,TBD,PGOC5675000H,NFL_Space_DEO_CAPS_NA_TV_HD_15,BROADCAST,Burned-In Subtitles,,,,
,10/24,TBD,PGOC5676000H,NFL_Space_DEO_NA_OTT_HD_15,BROADCAST,,,,,
,10/24,TBD,PGOC5677000H,NFL_Space_DEO_NA_TV_Generic_HD_15,BROADCAST,,,,,
,,,,,,,,,,
,10/24,TBD,PGOC5697000H,NFL_BigManTackles_DEO_NA_TV_HD_15,BROADCAST,,,,,
,10/24,TBD,PGOD9623000H,NFL_BigManTackles_DEO_CAPS_NA_TV_HD_15,BROADCAST,Burned-In Subtitles,,,,
,10/24,TBD,PGOC5698000H,NFL_BigManTackles_DEO_NA_OTT_HD_15,BROADCAST,,,,,
,10/24,TBD,PGOC5699000H,NFL_BigManTackles_DEO_NA_TV_Generic_HD_15,BROADCAST,,,,,
,,,,,,,,,,
,,,,,,,,,,
,,,,,,,,,,
,,,,,,,,,,
,,,,,,,,,,
Cinema NTSC ProRes (16:9) :,,,,,,,,,,
Channel,Ship Date:,Live Date:,ISCIs + Titles,,,Notes:,End Date:,End Card Details:,SPECS / SLATE INFO:,DELIVER TO:
5.1 Mix,7/11,8/1,PGOC5417000H,NFL_Look Down Coaching_DEO_NA_Cinema_HD_15,CINEMA,Killed,,,NTSC 23.98 FPS,Tylie
,7/11,8/1,PGOC5418000H,NFL_Look Down Coaching_DEO_NA_Cinema_Generic_HD_15,CINEMA,,,,Apple ProRes - QT,
,,,,,,,,,1920x1080,
,7/11,8/1,PGOC5419000H,NFL_Product Training_DEO_NA_Cinema_HD_15,CINEMA,Killed,,,NO SIZE RESTRICTION,
,7/11,8/1,PGOC5420000H,NFL_Product Training_DEO_NA_Cinema_Generic_HD_15,CINEMA,,,,,
,,,,,,,,,,
,,,,,,,,,,
,,,,,,,,,,
DIGITAL Masters 1920x1080 (16:9) YouTube/OLV:,,,,,,,,,,
Channel,Ship Date:,Live Date:,ISCIs + Titles,,,Notes:,End Date:,End Card Details:,SPECS / SLATE INFO:,DELIVER TO:
WEB MIX,7/14,8/1,PGOC5421000H,NFL_Smell Like a Footballman_DEO_NA_WEB_16x9_HD_30,WEB,,,n/a,NTSC 23.98 FPS,Tylie
,7/14,8/1,PGOC5422000H,NFL_Smell Like a Footballman_DEO_CAPS_NA_WEB_16x9_HD_30,WEB,Burned-In Subtitles,,,Apple ProRes - QT,
,7/14,8/1,PGOC5423000H,NFL_Smell Like a Footballman_DEO_NA_WEB_16x9_Generic_HD_30,WEB,,,,1920x1080,
,,,,,,,,,NO SIZE RESTRICTION,
,7/14,8/1,PGOC5424000H,NFL_Look Down Coaching_DEO_NA_WEB_16x9_HD_15,WEB,,,,,
,7/14,8/1,PGOC5425000H,NFL_Look Down Coaching_DEO_CAPS_NA_WEB_16x9_HD_15,WEB,Burned-In Subtitles,,,,
,7/14,8/1,PGOC5426000H,NFL_Look Down Coaching_DEO_NA_WEB_16x9_Generic_HD_15,WEB,,,,,
,,,,,,,,,,
,7/14,8/1,PGOC5427000H,NFL_Product Training_DEO_NA_WEB_16x9_HD_15,WEB,,,,,
,7/14,8/1,PGOC5428000H,NFL_Product Training_DEO_CAPS_NA_WEB_16x9_HD_15,WEB,Burned-In Subtitles,,,,
,7/14,8/1,PGOC5429000H,NFL_Product Training_DEO_NA_WEB_16x9_Generic_HD_15,WEB,,,,,
,,,,,,,,,,
,7/15,8/1,PGOC5430000H,NFL_Smells Like Football_DEO_NA_WEB_16x9_HD_06,WEB,,,,,
,7/15,8/1,PGOC5431000H,NFL_Smells Like Football_DEO_CAPS_NA_WEB_16x9_HD_06,WEB,Burned-In Subtitles,,,,
,7/15,8/1,PGOC5432000H,NFL_Smells Like Football_DEO_NA_WEB_16x9_Generic_HD_06,WEB,,,,,
,,,,,,,,,,
,7/15,8/1,PGOC5433000H,NFL_Presenting Coaching_DEO_Product_NA_WEB_16x9_HD_06,WEB,,,,,
,7/15,8/1,PGOC5434000H,NFL_Presenting Coaching_DEO_Product_CAPS_NA_WEB_16x9_HD_06,WEB,Burned-In Subtitles,,,,
,7/15,8/1,PGOC5435000H,NFL_Presenting Coaching_DEO_Product_NA_WEB_16x9_Generic_HD_06,WEB,,,,,
,,,,,,,,,,
,7/18,8/1,PGOC5632000H,NFL_Smell Like a Footballman REV1_DEO_NA_WEB_16x9_HD_30,WEB,,,,,
,7/18,8/1,PGOC5633000H,NFL_Smell Like a Footballman REV1_DEO_CAPS_NA_WEB_16x9_HD_30,WEB,Burned-In Subtitles,,,,
,7/18,8/1,PGOC5634000H,NFL_Smell Like a Footballman REV1_DEO_NA_WEB_16x9_Generic_HD_30,WEB,,,,,
,,,,,,,,,,
,10/24,TBD,PGOC5647000H,NFL_EagleScream_DEO_NA_WEB_16x9_HD_15,WEB,,,,,
,10/24,TBD,PGOC5648000H,NFL_EagleScream_DEO_CAPS_NA_WEB_16x9_HD_15,WEB,Burned-In Subtitles,,,,
,10/24,TBD,PGOC5649000H,NFL_EagleScream_DEO_NA_WEB_16x9_Generic_HD_15,WEB,,,,,
,,,,,,,,,,
,9/19,9/30,PGOC5650000H,NFL_Soar_DEO_NA_WEB_16x9_HD_06,WEB,,,,,
,9/19,9/30,PGOC5651000H,NFL_Soar_DEO_CAPS_NA_WEB_16x9_HD_06,WEB,Burned-In Subtitles,,,,
,9/19,9/30,PGOC5652000H,NFL_Soar_DEO_NA_WEB_16x9_Generic_HD_06,WEB,,,,,
,,,,,,,,,,
,9/19,TBD,PGOC5653000H,NFL_Highlight_DEO_NA_WEB_16x9_HD_06,WEB,,,,,
,9/19,TBD,PGOC5654000H,NFL_Highlight_DEO_CAPS_NA_WEB_16x9_HD_06,WEB,Burned-In Subtitles,,,,
,9/19,TBD,PGOC5655000H,NFL_Highlight_DEO_NA_WEB_16x9_Generic_HD_06,WEB,,,,,
,,,,,,,,,,
,10/24,TBD,PGOC5678000H,NFL_BigManTackles_DEO_NA_WEB_16x9_HD_15,WEB,,,,,
,10/24,TBD,PGOC5679000H,NFL_BigManTackles_DEO_CAPS_NA_WEB_16x9_HD_15,WEB,Burned-In Subtitles,,,,
,10/24,TBD,PGOC5680000H,NFL_BigManTackles_DEO_NA_WEB_16x9_Generic_HD_15,WEB,,,,,
,,,,,,,,,,
,10/24,TBD,PGOC5681000H,NFL_Space_DEO_NA_WEB_16x9_HD_15,WEB,,,,,
,10/24,TBD,PGOC5682000H,NFL_Space_DEO_CAPS_NA_WEB_16x9_HD_15,WEB,Burned-In Subtitles,,,,
,10/24,TBD,PGOC5683000H,NFL_Space_DEO_NA_WEB_16x9_Generic_HD_15,WEB,,,,,
,,,,,,,,,,
DIGITAL Masters 1080x1350 Instagram Feed Single Post (4:5):,,,,,,,,,,
Channel,Ship Date:,Live Date:,ISCIs + Titles,,,Notes:,End Date:,End Card Details:,SPECS / SLATE INFO:,DELIVER TO:
WEB MIX,7/18,8/1,PGOC5436000H,NFL_Smell Like a Footballman_DEO_NA_WEB_4x5_HD_30,WEB,,,n/a,NTSC 23.98 FPS,Tylie
,7/18,8/1,PGOC5437000H,NFL_Smell Like a Footballman_DEO_CAPS_NA_WEB_4x5_HD_30,WEB,Burned-In Subtitles,,,Apple ProRes - QT,
,7/18,8/1,PGOC5438000H,NFL_Smell Like a Footballman_DEO_NA_WEB_4x5_Generic_HD_30,WEB,,,,1080x1350,
,,,,,,,,,NO SIZE RESTRICTION,
,7/15,8/1,PGOC5439000H,NFL_Look Down Coaching_DEO_NA_WEB_4x5_HD_15,WEB,,,,,
,7/15,8/1,PGOC5440000H,NFL_Look Down Coaching_DEO_CAPS_NA_WEB_4x5_HD_15,WEB,Burned-In Subtitles,,,,
,7/15,8/1,PGOC5441000H,NFL_Look Down Coaching_DEO_NA_WEB_4x5_Generic_HD_15,WEB,,,,,
,,,,,,,,,,
,7/15,8/1,PGOC5442000H,NFL_Product Training_DEO_NA_WEB_4x5_HD_15,WEB,,,,,
,7/15,8/1,PGOC5443000H,NFL_Product Training_DEO_CAPS_NA_WEB_4x5_HD_15,WEB,Burned-In Subtitles,,,,
,7/15,8/1,PGOC5444000H,NFL_Product Training_DEO_NA_WEB_4x5_Generic_HD_15,WEB,,,,,
,,,,,,,,,,
,7/15,8/1,PGOC5445000H,NFL_Smells Like Football_DEO_NA_WEB_4x5_HD_06,WEB,,,,,
,7/15,8/1,PGOC5446000H,NFL_Smells Like Football_DEO_CAPS_NA_WEB_4x5_HD_06,WEB,Burned-In Subtitles,,,,
,7/15,8/1,PGOC5447000H,NFL_Smells Like Football_DEO_NA_WEB_4x5_Generic_HD_06,WEB,,,,,
,,,,,,,,,,
,7/15,8/1,PGOC5448000H,NFL_Presenting Coaching_DEO_Product_NA_WEB_4x5_HD_06,WEB,,,,,
,7/15,8/1,PGOC5449000H,NFL_Presenting Coaching_DEO_Product_CAPS_NA_WEB_4x5_HD_06,WEB,Burned-In Subtitles,,,,
,7/15,8/1,PGOC5450000H,NFL_Presenting Coaching_DEO_Product_NA_WEB_4x5_Generic_HD_06,WEB,,,,,
,,,,,,,,,,
,10/24,TBD,PGOC5656000H,NFL_EagleScream_DEO_NA_WEB_4x5_HD_15,WEB,,,,,
,10/24,TBD,PGOC5657000H,NFL_EagleScream_DEO_CAPS_NA_WEB_4x5_HD_15,WEB,Burned-In Subtitles,,,,
,10/24,TBD,PGOC5658000H,NFL_EagleScream_DEO_NA_WEB_4x5_Generic_HD_15,WEB,,,,,
,,,,,,,,,,
,9/19,9/30,PGOC5659000H,NFL_Soar_DEO_NA_WEB_4x5_HD_06,WEB,,,,,
,9/19,9/30,PGOC5660000H,NFL_Soar_DEO_CAPS_NA_WEB_4x5_HD_06,WEB,Burned-In Subtitles,,,,
,9/19,9/30,PGOC5661000H,NFL_Soar_DEO_NA_WEB_4x5_Generic_HD_06,WEB,,,,,
,,,,,,,,,,
,9/19,TBD,PGOC5662000H,NFL_Highlight_DEO_NA_WEB_4x5_HD_06,WEB,,,,,
,9/19,TBD,PGOC5663000H,NFL_Highlight_DEO_CAPS_NA_WEB_4x5_HD_06,WEB,Burned-In Subtitles,,,,
,9/19,TBD,PGOC5664000H,NFL_Highlight_DEO_NA_WEB_4x5_Generic_HD_06,WEB,,,,,
,,,,,,,,,,
,10/24,TBD,PGOC5684000H,NFL_BigManTackles_DEO_NA_WEB_4x5_HD_15,WEB,,,,,
,10/24,TBD,PGOC5685000H,NFL_BigManTackles_DEO_CAPS_NA_WEB_4x5_HD_15,WEB,Burned-In Subtitles,,,,
,10/24,TBD,PGOC5686000H,NFL_BigManTackles_DEO_NA_WEB_4x5_Generic_HD_15,WEB,,,,,
,,,,,,,,,,
,10/24,TBD,PGOC5687000H,NFL_Space_DEO_NA_WEB_4x5_HD_15,WEB,,,,,
,10/24,TBD,PGOC5688000H,NFL_Space_DEO_CAPS_NA_WEB_4x5_HD_15,WEB,Burned-In Subtitles,,,,
,10/24,TBD,PGOC5689000H,NFL_Space_DEO_NA_WEB_4x5_Generic_HD_15,WEB,,,,,
,,,,,,,,,,
,,,,,,,,,,
,,,,,,,,,,
DIGITAL Masters 1080x1920 Stories (9:16):,,,,,,,,,,
Channel,Ship Date:,Live Date:,ISCIs + Titles,,,Notes:,End Date:,End Card Details:,SPECS / SLATE INFO:,DELIVER TO:
WEB MIX,7/18,8/1,PGOC5451000H,NFL_Smell Like a Footballman_DEO_NA_WEB_9x16_HD_30,WEB,,,n/a,NTSC 23.98 FPS,Tylie
,7/18,8/1,PGOC5452000H,NFL_Smell Like a Footballman_DEO_CAPS_NA_WEB_9x16_HD_30,WEB,Burned-In Subtitles,,,Apple ProRes - QT,
,7/18,8/1,PGOC5453000H,NFL_Smell Like a Footballman_DEO_NA_WEB_9x16_Generic_HD_30,WEB,,,Clean,1080x1920,
,,,,,,,,,NO SIZE RESTRICTION,
,7/15,8/1,PGOC5454000H,NFL_Look Down Coaching_DEO_NA_WEB_9x16_HD_15,WEB,,,,,
,7/15,8/1,PGOC5455000H,NFL_Look Down Coaching_DEO_CAPS_NA_WEB_9x16_HD_15,WEB,Burned-In Subtitles,,,See IG / TT safe zones > ,
,7/15,8/1,PGOC5456000H,NFL_Look Down Coaching_DEO_NA_WEB_9x16_Generic_HD_15,WEB,,,,,
,,,,,,,,,,
,7/15,8/1,PGOC5457000H,NFL_Product Training_DEO_NA_WEB_9x16_HD_15,WEB,,,,,
,7/15,8/1,PGOC5458000H,NFL_Product Training_DEO_CAPS_NA_WEB_9x16_HD_15,WEB,Burned-In Subtitles,,,,
,7/15,8/1,PGOC5459000H,NFL_Product Training_DEO_NA_WEB_9x16_Generic_HD_15,WEB,,,,,
,,,,,,,,,,
,7/15,8/1,PGOC5460000H,NFL_Smells Like Football_DEO_NA_WEB_9x16_HD_06,WEB,,,,,
,7/15,8/1,PGOC5461000H,NFL_Smells Like Football_DEO_CAPS_NA_WEB_9x16_HD_06,WEB,Burned-In Subtitles,,,,
,7/15,8/1,PGOC5462000H,NFL_Smells Like Football_DEO_NA_WEB_9x16_Generic_HD_06,WEB,,,,,
,,,,,,,,,,
,7/15,8/1,PGOC5463000H,NFL_Presenting Coaching_DEO_Product_NA_WEB_9x16_HD_06,WEB,,,,,
,7/15,8/1,PGOC5464000H,NFL_Presenting Coaching_DEO_Product_CAPS_NA_WEB_9x16_HD_06,WEB,Burned-In Subtitles,,,,
,7/15,8/1,PGOC5465000H,NFL_Presenting Coaching_DEO_Product_NA_WEB_9x16_Generic_HD_06,WEB,,,,,
,,,,,,,,,,
,10/24,TBD,PGOC5665000H,NFL_EagleScream_DEO_NA_WEB_9x16_HD_15,WEB,,,,,
,10/24,TBD,PGOC5666000H,NFL_EagleScream_DEO_CAPS_NA_WEB_9x16_HD_15,WEB,Burned-In Subtitles,,,,
,10/24,TBD,PGOC5667000H,NFL_EagleScream_DEO_NA_WEB_9x16_Generic_HD_15,WEB,,,,,
,,,,,,,,,,
,9/19,9/30,PGOC5668000H,NFL_Soar_DEO_NA_WEB_9x16_HD_06,WEB,,,,,
,9/19,9/30,PGOC5669000H,NFL_Soar_DEO_CAPS_NA_WEB_9x16_HD_06,WEB,Burned-In Subtitles,,,,
,9/19,9/30,PGOC5670000H,NFL_Soar_DEO_NA_WEB_9x16_Generic_HD_06,WEB,,,,,
,,,,,,,,,,
,9/19,TBD,PGOC5671000H,NFL_Highlight_DEO_NA_WEB_9x16_HD_06,WEB,,,,,
,9/19,TBD,PGOC5672000H,NFL_Highlight_DEO_CAPS_NA_WEB_9x16_HD_06,WEB,Burned-In Subtitles,,,,
,9/19,TBD,PGOC5673000H,NFL_Highlight_DEO_NA_WEB_9x16_Generic_HD_06,WEB,,,,,
,,,,,,,,,,
,10/24,TBD,PGOC5690000H,NFL_BigManTackles_DEO_NA_WEB_9x16_HD_15,WEB,,,,,
,10/24,TBD,PGOC5691000H,NFL_BigManTackles_DEO_CAPS_NA_WEB_9x16_HD_15,WEB,Burned-In Subtitles,,,,
,10/24,TBD,PGOC5692000H,NFL_BigManTackles_DEO_NA_WEB_9x16_Generic_HD_15,WEB,,,,,
,,,,,,,,,,
,10/24,TBD,PGOC5693000H,NFL_Space_DEO_NA_WEB_9x16_HD_15,WEB,,,,,
,10/24,TBD,PGOC5694000H,NFL_Space_DEO_CAPS_NA_WEB_9x16_HD_15,WEB,Burned-In Subtitles,,,,
,10/24,TBD,PGOC5695000H,NFL_Space_DEO_NA_WEB_9x16_Generic_HD_15,WEB,,,,,
,,,,,,,,,,
,,,,,,,,,,
,,,,,,,,,,
,,,,safe zones ->,,,,,,
